{"metadata":{"meta":{"(2,4,11)":{"fields":{"state":"2"},"inventory":null},"(2,4,12)":{"fields":{"state":"0"},"inventory":null},"(3,4,2)":{"fields":{"state":"0"},"inventory":null},"(4,4,2)":{"fields":{"state":"2"},"inventory":null}}},"node_mapping":{"air":126.0,"default:stone":2.0,"default:stonebrick":4.0,"doors:door_obsidian_glass_a":710.0,"doors:door_obsidian_glass_b":711.0,"doors:hidden":697.0,"moreblocks:checker_stone_tile":5193.0,"moreblocks:coal_glass":5346.0,"moreblocks:coal_stone":3679.0,"moreblocks:coal_stone_bricks":4638.0,"moreblocks:slab_meselamp_1":1539.0,"moreblocks:slope_coal_stone_half_raised":3708.0,"moreblocks:slope_coal_stone_inner_half_raised":3714.0,"moreblocks:stair_coal_stone":3680.0}}