{"metadata":{"meta":{"(12,4,12)":{"fields":{"infotext":"Zula Ways\nClora Stream","text":"Zula Ways\nClora Stream","widefont":"0"},"inventory":null},"(12,4,3)":{"fields":{"infotext":"Zula Ways\nClora Stream","text":"Zula Ways\nClora Stream"},"inventory":null},"(3,4,3)":{"fields":{"infotext":"Zula Ways\nClora Stream","text":"Zula Ways\nClora Stream"},"inventory":null}}},"node_mapping":{"air":126.0,"default:dirt_with_grass":24.0,"default:stone":2.0,"moreblocks:iron_stone_bricks":5294.0,"moreblocks:stair_iron_stone_bricks":5295.0,"moreblocks:stair_iron_stone_bricks_inner":5297.0}}