{"metadata":{"meta":{"(11,4,13)":{"fields":{"state":"2"},"inventory":null},"(12,4,13)":{"fields":{"state":"0"},"inventory":null},"(13,4,3)":{"fields":{"state":"0"},"inventory":null},"(13,4,4)":{"fields":{"state":"2"},"inventory":null}}},"node_mapping":{"air":126.0,"default:stone":2.0,"default:stonebrick":4.0,"doors:door_obsidian_glass_a":710.0,"doors:door_obsidian_glass_b":711.0,"doors:hidden":697.0,"moreblocks:clean_glass":3982.0,"moreblocks:iron_checker":3781.0,"moreblocks:iron_stone":4990.0,"moreblocks:iron_stone_bricks":5294.0,"moreblocks:slab_meselamp_1":1539.0,"moreblocks:slope_iron_stone_half_raised":5019.0,"moreblocks:slope_iron_stone_inner_half_raised":5025.0,"moreblocks:stair_iron_stone":4991.0}}