{"metadata":{"meta":{"(2,4,11)":{"fields":{"state":"2"},"inventory":null},"(2,4,12)":{"fields":{"state":"0"},"inventory":null},"(2,4,7)":{"fields":{"state":"2"},"inventory":null},"(2,4,8)":{"fields":{"state":"0"},"inventory":null},"(3,4,2)":{"fields":{"state":"0"},"inventory":null},"(4,4,2)":{"fields":{"state":"2"},"inventory":null},"(7,4,2)":{"fields":{"state":"0"},"inventory":null},"(8,4,2)":{"fields":{"state":"2"},"inventory":null}}},"node_mapping":{"air":126.0,"moreblocks:clean_glass":3982.0,"moreblocks:iron_stone":4990.0,"moreblocks:slope_iron_stone":5010.0}}