{"metadata":{"meta":{"(11,4,13)":{"fields":{"state":"2"},"inventory":null},"(12,4,13)":{"fields":{"state":"0"},"inventory":null},"(13,4,3)":{"fields":{"state":"0"},"inventory":null},"(13,4,4)":{"fields":{"state":"2"},"inventory":null},"(13,4,7)":{"fields":{"state":"0"},"inventory":null},"(13,4,8)":{"fields":{"state":"2"},"inventory":null},"(7,4,2)":{"fields":{"state":"0"},"inventory":null},"(8,4,2)":{"fields":{"state":"2"},"inventory":null}}},"node_mapping":{"air":126.0,"moreblocks:iron_checker":3781.0,"moreblocks:iron_stone":4990.0,"moreblocks:slab_meselamp_1":1539.0}}