{"metadata":{"meta":{"(2,4,7)":{"fields":{"state":"2"},"inventory":null},"(2,4,8)":{"fields":{"state":"0"},"inventory":null},"(7,4,13)":{"fields":{"state":"2"},"inventory":null},"(8,4,13)":{"fields":{"state":"0"},"inventory":null}}},"node_mapping":{"air":126.0,"default:stone":2.0,"default:stonebrick":4.0,"doors:door_obsidian_glass_a":710.0,"doors:door_obsidian_glass_b":711.0,"doors:hidden":697.0,"moreblocks:cactus_checker":4738.0,"moreblocks:coal_glass":5346.0,"moreblocks:coal_stone":3679.0,"moreblocks:coal_stone_bricks":4638.0,"moreblocks:slope_coal_stone":3699.0,"moreblocks:stair_coal_stone_bricks":4639.0}}